City_ID,City,Lat,Lng,Max Temp,Humidity,Cloudiness,Wind Speed,Country,Date
0,qaqortoq,60.7167,-46.0333,6.76,87,100,2.94,GL,1690307298
1,axim,4.8699,-2.2405,25.34,88,97,3.63,GH,1690307118
2,iskushuban,10.2837,50.23,32.2,33,17,14.67,SO,1690307490
3,santa ana,33.7456,-117.8678,37.82,70,20,2.06,US,1690307307
4,west island,-12.1568,96.8225,24.99,69,40,9.26,CC,1690307298
5,uturoa,-16.7333,-151.4333,26.59,84,17,6.2,PF,1690307288
6,ancud,-41.8697,-73.8203,10.24,87,67,7.03,CL,1690307293
7,blackmans bay,-43.0167,147.3167,10.41,70,100,5.08,AU,1690307306
8,badger,64.8,-147.5333,21.88,77,75,0.0,US,1690307291
9,adamstown,-25.066,-130.1015,22.87,86,94,16.82,PN,1690307284
10,albany,42.6001,-73.9662,28.23,68,79,1.3,US,1690307257
11,bel ombre,-4.6167,55.4167,25.91,89,20,5.66,SC,1690307491
12,puerto escondido,15.85,-97.0667,31.46,58,40,2.57,MX,1690307096
13,port-aux-francais,-49.35,70.2167,3.37,69,70,6.41,TF,1690307283
14,tagab,34.855,69.6492,27.06,65,39,1.99,AF,1690307492
15,college,64.8569,-147.8028,21.93,79,40,0.0,US,1690307299
16,lebu,-37.6167,-73.65,10.98,80,94,5.11,CL,1690307294
17,nogliki,51.8333,143.1667,13.03,98,97,3.1,RU,1690307492
18,antsiranana,-12.2787,49.2917,22.26,80,48,5.03,MG,1690307459
19,pangai,-19.8,-174.35,20.06,77,75,0.0,TO,1690307492
20,bethel,41.3712,-73.414,31.3,57,40,3.6,US,1690307298
21,revelstoke,50.9832,-118.2023,19.01,52,100,2.06,CA,1690307493
22,edinburgh of the seven seas,-37.0676,-12.3116,11.62,76,100,9.81,SH,1690307304
23,yellowknife,62.456,-114.3525,23.29,43,75,8.23,CA,1690307175
24,taulaga,-11.0553,-171.0883,27.87,72,100,7.7,AS,1690307493
25,emboscada,-25.15,-57.35,21.89,64,75,1.03,PY,1690307494
26,bilibino,68.0546,166.4372,11.0,95,100,0.65,RU,1690307293
27,gebeit,21.0667,36.3167,36.04,12,28,3.14,SD,1690307494
28,sao gabriel da cachoeira,-0.1303,-67.0892,28.89,89,40,1.03,BR,1690307440
29,santa elena de uairen,4.6167,-61.1333,26.08,63,67,3.32,VE,1690307443
30,grytviken,-54.2811,-36.5092,-2.82,80,24,5.34,GS,1690307287
31,homer,59.6425,-151.5483,15.02,87,0,1.54,US,1690307495
32,keflavik,64.0049,-22.5624,14.24,67,75,3.6,IS,1690307314
33,constantia,44.1833,28.65,27.61,70,17,10.52,RO,1690307336
34,tiksi,71.6872,128.8694,4.04,81,66,2.03,RU,1690307300
35,punta arenas,-53.15,-70.9167,1.83,66,18,4.14,CL,1690307249
36,tazovsky,67.4667,78.7,14.88,70,80,5.26,RU,1690307301
37,maceio,-9.6658,-35.7353,27.69,65,75,4.63,BR,1690307309
38,barah,13.7,30.3667,26.64,67,86,8.79,SD,1690307495
39,kodiak,57.79,-152.4072,12.73,82,0,1.54,US,1690307297
40,pingliang,35.5392,106.6861,21.18,66,89,1.05,CN,1690307272
41,neftegorsk,52.802,51.166,23.04,48,87,3.08,RU,1690307496
42,portland,45.5234,-122.6762,23.1,59,75,2.57,US,1690307348
43,mamuju,-2.6748,118.8885,25.14,83,17,2.07,ID,1690307496
44,petauke,-14.2426,31.3253,19.71,33,0,4.95,ZM,1690307496
45,nola,40.922,14.5329,31.84,68,23,4.35,IT,1690307497
46,lexington,37.9887,-84.4777,29.96,67,20,2.57,US,1690307305
47,invercargill,-46.4,168.35,5.59,79,83,4.45,NZ,1690307291
48,trapani,37.8333,12.6667,33.83,89,20,5.14,IT,1690307497
49,kruisfontein,-34.0033,24.7314,9.94,72,2,1.41,ZA,1690307397
50,maych'ew,12.7875,39.5422,18.94,59,96,1.97,ET,1690307497
51,tura,25.5198,90.2201,23.76,97,99,2.22,IN,1690307335
52,atafu village,-8.5421,-172.5159,28.79,72,4,8.78,TK,1690307345
53,gizo,-8.103,156.8419,26.63,86,100,7.65,SB,1690307498
54,rawlins,41.7911,-107.2387,26.94,29,0,7.72,US,1690307300
55,kill devil hills,36.0307,-75.676,28.88,76,0,2.57,US,1690307485
56,buon ma thuot,12.6667,108.05,21.52,99,94,1.09,VN,1690307498
57,andovoranto,-18.95,49.1,20.84,90,3,1.18,MG,1690307498
58,kamen'-na-obi,53.7884,81.3423,17.54,66,85,2.21,RU,1690307499
59,petropavlovsk-kamchatsky,53.0452,158.6483,13.33,100,40,1.0,RU,1690307286
60,saipan,15.1355,145.701,28.39,100,75,6.26,MP,1690307334
61,erenhot,43.6475,111.9767,24.87,46,82,3.83,CN,1690307499
62,port alfred,-33.5906,26.891,15.24,59,49,5.49,ZA,1690307374
63,thompson,55.7435,-97.8558,20.09,42,20,0.0,CA,1690307293
64,mitu,1.1983,-70.1733,22.22,99,100,0.58,CO,1690307500
65,puerto lempira,15.2667,-83.7667,32.08,62,40,4.63,HN,1690307500
66,santa margherita ligure,44.3346,9.212,27.51,61,94,4.02,IT,1690307500
67,iqaluit,63.7506,-68.5145,7.85,75,75,1.03,CA,1690307304
68,thunder bay,48.4001,-89.3168,24.99,57,20,4.12,CA,1690307357
69,hovd,48.0056,91.6419,19.31,39,32,0.92,MN,1690307500
70,darwin,-12.4611,130.8418,16.99,34,15,4.63,AU,1690307225
71,padina,45.1181,20.7272,26.95,40,93,1.25,RS,1690307501
72,nar'yan-mar,67.6713,53.087,18.25,66,85,4.24,RU,1690307354
73,bayanaul,50.7889,75.6956,18.82,44,13,1.42,KZ,1690307501
74,weno,7.4515,151.8468,25.97,94,100,2.57,FM,1690307306
75,lompoc,34.6391,-120.4579,28.08,67,75,2.06,US,1690307198
76,hermanus,-34.4187,19.2345,7.11,71,0,2.91,ZA,1690307330
77,chaman,30.9236,66.4512,27.75,48,83,1.09,PK,1690307502
78,waitangi,-43.9535,-176.5597,9.34,98,100,2.68,NZ,1690307286
79,el granada,37.5027,-122.4694,29.23,72,20,6.17,US,1690307373
80,maxixe,-23.8597,35.3472,17.9,77,20,2.24,MZ,1690307502
81,north bend,43.4065,-124.2243,20.14,77,100,3.6,US,1690307120
82,fort bragg,35.139,-79.006,34.55,52,42,1.34,US,1690307421
83,vadso,70.0744,29.7487,10.49,93,75,4.12,NO,1690307302
84,adrar,20.5022,-10.0711,42.99,12,52,3.41,MR,1690307502
85,debark',13.1561,37.8981,11.62,86,100,1.65,ET,1690307503
86,ribeira grande,38.5167,-28.7,25.22,65,20,5.36,PT,1690307291
87,klyuchi,52.2667,79.1667,19.13,54,14,1.37,RU,1690307368
88,kingston,17.997,-76.7936,32.91,63,20,9.26,JM,1690307097
89,nadym,65.5333,72.5167,20.43,71,100,3.93,RU,1690307503
90,botucatu,-22.8858,-48.445,25.88,28,11,2.87,BR,1690307503
91,igarka,67.4667,86.5833,16.69,78,5,3.81,RU,1690307503
92,callao,-12.0667,-77.15,24.29,73,100,4.63,PE,1690307504
93,osinovo,55.8809,48.881,17.05,94,54,3.01,RU,1690307504
94,port elizabeth,-33.918,25.5701,14.16,82,0,3.09,ZA,1690307295
95,stanley,54.868,-1.6985,15.44,77,40,1.54,GB,1690307298
96,sarikei,2.1167,111.5167,24.23,91,94,0.3,MY,1690307504
97,ishigaki,24.3448,124.1572,28.07,94,75,9.26,JP,1690307505
98,howrah,22.5892,88.3103,27.0,94,40,1.54,IN,1690307382
99,east london,-33.0153,27.9116,10.52,93,0,1.54,ZA,1690307254
100,bredasdorp,-34.5322,20.0403,7.93,75,0,1.35,ZA,1690307335
101,kyabe,9.4515,18.9449,25.28,83,100,1.48,TD,1690307505
102,buta,2.7858,24.73,22.01,97,100,0.52,CD,1690307505
103,al minya,28.1099,30.7503,36.24,14,1,3.61,EG,1690307506
104,westport,41.1415,-73.3579,32.31,66,0,4.63,US,1690307348
105,novodvinsk,64.4165,40.8122,13.93,86,70,1.84,RU,1690307506
106,hithadhoo,-0.6,73.0833,28.27,78,100,7.54,MV,1690307301
107,udachny,66.4167,112.4,17.71,61,96,1.6,RU,1690307304
108,saint-joseph,-21.3667,55.6167,20.21,80,22,1.03,RE,1690307507
109,la'ie,21.6477,-157.9253,26.05,74,82,7.05,US,1690307441
110,gadzhiyevo,69.2551,33.3362,10.26,94,100,3.1,RU,1690307507
111,vorkuta,67.5,64.0,16.49,89,100,3.26,RU,1690307507
112,speichersdorf,49.8833,11.7833,16.17,91,97,3.48,DE,1690307507
113,bikenibeu village,1.3673,173.1241,25.98,94,75,0.0,KI,1690307448
114,kloulklubed,7.0419,134.2556,27.28,79,100,6.49,PW,1690307508
115,san juan bautista,-14.0108,-75.7358,26.3,38,0,1.75,PE,1690307508
116,margaret river,-33.95,115.0667,11.96,84,48,5.71,AU,1690307305
117,ushuaia,-54.8,-68.3,0.81,55,20,3.09,AR,1690307056
118,aasiaat,68.7098,-52.8699,3.15,93,93,2.69,GL,1690307401
119,monte patria,-30.6919,-70.9467,20.12,34,57,1.32,CL,1690307508
120,qamdo,31.1667,97.2333,4.62,87,73,1.09,CN,1690307318
121,katsuura,35.1333,140.3,24.87,93,74,2.67,JP,1690307314
122,kavaratti,10.5669,72.642,27.98,76,96,6.09,IN,1690307307
123,burewala,30.1667,72.65,28.72,76,98,1.97,PK,1690307509
124,jerantut,3.936,102.3626,24.05,97,100,0.44,MY,1690307509
125,nagqu,31.5,92.0,5.18,93,61,1.93,CN,1690307325
126,magadan,59.5667,150.8,11.47,93,9,2.05,RU,1690307509
127,wailua homesteads,22.0669,-159.378,26.44,83,40,5.66,US,1690307313
128,jamestown,42.097,-79.2353,26.77,62,20,2.57,US,1690307329
129,sena madureira,-9.0656,-68.6569,36.62,23,46,1.22,BR,1690307510
130,jalqani,12.4486,34.2186,27.46,63,99,3.72,SD,1690307510
131,whitehorse,60.7161,-135.0538,15.01,82,100,3.09,CA,1690306801
132,crane,31.3974,-102.3501,35.55,22,3,7.03,US,1690307207
133,rio claro,-22.4114,-47.5614,29.66,44,5,0.65,BR,1690307510
134,polyarnyy,69.1989,33.4478,10.81,92,100,3.08,RU,1690307511
135,medina,24.4686,39.6142,40.24,7,0,4.12,SA,1690307511
136,puerto aysen,-45.4,-72.7,4.02,93,100,0.0,CL,1690307248
137,usinsk,65.9939,57.5281,18.96,64,99,4.07,RU,1690307511
138,lamu,-2.2717,40.902,24.56,82,17,7.98,KE,1690307511
139,port macquarie,-31.4333,152.9167,11.05,81,22,3.33,AU,1690307222
140,ulety,51.3572,112.4849,13.79,90,60,0.83,RU,1690307512
141,manavalakurichi,8.1333,77.3,26.18,79,100,5.92,IN,1690307512
142,leava,-14.3,-178.1667,26.07,77,91,7.09,WF,1690306974
143,al kharijah,25.4514,30.5464,34.93,11,10,4.8,EG,1690307512
144,puerto natales,-51.7236,-72.4875,0.64,67,24,1.94,CL,1690307287
145,karratha,-20.7377,116.8463,18.42,73,22,3.94,AU,1690307384
146,zhangye,38.9342,100.4517,26.66,29,100,3.15,CN,1690307513
147,itoman,26.1247,127.6694,29.21,85,40,5.14,JP,1690307513
148,kisanga,-7.4362,37.7034,23.72,54,21,2.18,TZ,1690307513
149,kapa'a,22.0752,-159.319,27.18,82,40,5.66,US,1690307332
150,zaozersk,69.4005,32.4476,9.99,95,100,2.32,RU,1690307513
151,vila velha,-20.3297,-40.2925,24.97,83,75,5.14,BR,1690307338
152,haiku-pauwela,20.9219,-156.3051,25.7,75,40,7.72,US,1690307325
153,chegutu,-18.1302,30.1407,18.32,36,1,4.86,ZW,1690307513
154,flying fish cove,-10.4217,105.6791,23.82,94,75,3.6,CX,1690307315
155,kuching,1.55,110.3333,26.66,93,40,1.03,MY,1690307514
156,new westminster,49.2068,-122.9109,15.73,93,75,5.66,CA,1690307514
157,buritizeiro,-17.3511,-44.9622,30.4,19,0,1.36,BR,1690307514
158,olinda,-8.0089,-34.8553,27.85,65,40,6.17,BR,1690307514
159,cockburn town,21.4612,-71.1419,28.86,76,24,6.99,TC,1690306823
160,lauro de freitas,-12.8944,-38.3272,28.01,69,40,4.63,BR,1690307502
161,port arthur,38.8,121.2667,27.12,93,100,2.34,CN,1690307515
162,vorgashor,67.5833,63.95,16.07,90,100,3.26,RU,1690307335
163,talnakh,69.4865,88.3972,15.67,69,0,1.06,RU,1690307295
164,vila franca do campo,37.7167,-25.4333,23.23,70,57,1.21,PT,1690307322
165,tazacorte,28.629,-17.9293,24.54,81,75,5.66,ES,1690307324
166,sittwe,20.15,92.9,27.59,85,91,6.12,MM,1690307515
167,puerto ayora,-0.7393,-90.3518,29.98,89,66,4.02,EC,1690307294
168,utrik,11.2278,169.8474,28.42,74,80,6.79,MH,1690307283
169,okhotsk,59.3833,143.3,12.9,92,90,3.01,RU,1690307516
170,acarau,-2.8856,-40.12,30.38,56,39,8.44,BR,1690307089
171,opochka,56.7105,28.6617,17.71,96,42,2.54,RU,1690307516
172,port-saint-louis-du-rhone,43.3833,4.8,27.13,26,0,12.86,FR,1690307452
173,cidreira,-30.1811,-50.2056,17.92,91,94,3.19,BR,1690307365
174,arraial do cabo,-22.9661,-42.0278,26.98,61,0,8.75,BR,1690306942
175,qui nhon,13.7667,109.2333,25.68,85,14,1.98,VN,1690307517
176,nianzishan,47.5167,122.8833,17.55,83,42,1.24,CN,1690307517
177,souillac,-20.5167,57.5167,21.21,88,20,1.54,MU,1690307112
178,cabo san lucas,22.8909,-109.9124,35.34,66,75,1.79,MX,1690307125
179,tangjin,36.8944,126.6297,26.89,91,74,1.88,KR,1690307517
180,kas,36.2018,29.6377,29.56,45,0,1.97,TR,1690307518
181,yanchep,-31.55,115.6833,12.38,82,100,5.99,AU,1690307518
182,luis correia,-2.8792,-41.6669,31.0,58,20,6.13,BR,1690307518
183,castillos,-34.1667,-53.8333,12.7,91,100,3.73,UY,1690307364
184,longyearbyen,78.2186,15.6401,12.91,58,75,4.12,SJ,1690307296
185,libenge,3.65,18.6333,22.65,95,92,0.89,CD,1690307518
186,trois-rivieres,46.3501,-72.5491,25.82,70,75,4.63,CA,1690307393
187,mont-dore,-22.2833,166.5833,20.56,99,98,5.82,NC,1690307518
188,poperinge,50.8549,2.6875,18.25,70,64,3.96,BE,1690307519
189,papatowai,-46.5619,169.4708,6.35,76,95,6.63,NZ,1690307321
190,bhuj,23.2667,69.6667,27.94,82,61,6.29,IN,1690307429
191,port mathurin,-19.6833,63.4167,23.89,73,86,8.13,MU,1690307311
192,malanje,-9.5402,16.341,24.6,23,9,1.66,AO,1690307519
193,lukolela,-1.0605,17.1821,24.93,68,24,1.78,CD,1690307409
194,pisco,-13.7,-76.2167,21.03,68,40,4.12,PE,1690307084
195,ust-nera,64.5667,143.2,13.87,83,100,2.02,RU,1690307296
196,hami,42.8,93.45,29.89,12,2,4.25,CN,1690307520
197,ilulissat,69.2167,-51.1,4.01,93,100,2.06,GL,1690307292
198,fale old settlement,-9.3852,-171.2468,28.33,77,52,8.73,TK,1690307367
199,kone,-21.0595,164.8658,17.07,78,89,3.55,NC,1690307308
200,barcelos,41.5388,-8.6151,26.06,56,6,6.48,PT,1690307520
201,el triunfo,-1.9333,-79.9667,31.02,51,28,1.02,EC,1690307520
202,al jawf,29.5,38.75,33.22,13,0,4.76,SA,1690307520
203,hassi messaoud,31.6804,6.0729,45.92,7,0,1.54,DZ,1690307522
204,olonkinbyen,70.9221,-8.7187,5.47,84,84,3.92,SJ,1690307297
205,clewiston,26.7542,-80.9337,36.11,55,0,1.99,US,1690307522
206,bardai,11.65,7.2333,28.23,58,50,4.13,NG,1690307371
207,el abiodh sidi cheikh,32.893,0.5484,39.68,8,2,5.15,DZ,1690307522
208,nelson bay,-32.7167,152.15,11.67,100,17,4.02,AU,1690307523
209,urangan,-25.3,152.9,19.05,59,75,6.8,AU,1690307523
210,bereeda,11.8704,51.0579,29.72,58,10,5.37,SO,1690307524
211,payson,40.0444,-111.7321,31.17,36,47,1.79,US,1690307524
212,luba,3.4568,8.5547,27.94,88,51,2.39,GQ,1690307524
213,kharp,66.8014,65.8081,18.02,79,100,3.37,RU,1690307525
214,luderitz,-26.6481,15.1594,13.04,87,98,1.53,NA,1690307301
215,kendari,-3.945,122.4989,22.16,91,32,1.38,ID,1690307406
216,borogontsy,62.6683,131.1683,12.58,76,1,2.08,RU,1690307318
217,puerto san jose,13.9256,-90.8244,31.15,59,100,2.62,GT,1690307341
218,rongelap,11.1635,166.8941,28.19,77,94,6.46,MH,1690307417
219,vilyuysk,63.7553,121.6247,13.11,59,7,2.11,RU,1690307444
220,mawu,29.5923,107.3139,22.65,93,88,1.7,CN,1690307526
221,dzhalagash,45.0833,64.6667,33.55,20,0,4.02,KZ,1690307526
222,kpalime,6.9,0.6333,25.11,88,60,1.99,TG,1690307526
223,sofiyivka,48.0493,33.8746,25.79,48,19,6.41,UA,1690307527
224,sisimiut,66.9395,-53.6735,7.52,80,56,5.91,GL,1690307370
225,lloydminster,53.2835,-110.0016,23.12,78,75,7.72,CA,1690307527
226,fort irwin,35.2627,-116.6848,34.74,17,0,0.0,US,1690307323
227,huarmey,-10.0681,-78.1522,23.22,68,82,5.58,PE,1690307528
228,saint-philippe,-21.3585,55.7679,20.77,81,39,1.09,RE,1690307292
229,bako,5.7833,36.5667,20.14,72,92,1.67,ET,1690307528
230,rundu,-17.9333,19.7667,20.25,18,100,2.25,NA,1690307051
231,aitape,-3.1374,142.3475,25.03,88,98,2.53,PG,1690307102
232,mukalla,14.5425,49.1242,32.04,60,81,2.66,YE,1690307529
233,sandnessjoen,66.0217,12.6316,21.29,68,40,5.14,NO,1690307447
234,nemuro,43.3236,145.575,16.3,100,91,1.9,JP,1690307292
235,port lincoln,-34.7333,135.8667,11.43,80,0,3.85,AU,1690307303
236,tsetserleg,47.475,101.4542,9.55,85,19,2.33,MN,1690307529
237,warmbad,-28.45,18.7333,21.54,23,77,3.91,NA,1690307090
238,inongo,-1.95,18.2667,24.17,62,32,0.96,CD,1690307530
239,kodinar,20.7903,70.7031,26.93,88,62,6.99,IN,1690307530
240,sitka,57.0531,-135.33,15.94,72,75,0.0,US,1690307318
241,buala,-8.145,159.5921,26.47,86,100,4.22,SB,1690307398
242,nicoya,10.1483,-85.452,30.46,64,81,6.02,CR,1690307347
243,labytnangi,66.6572,66.4183,18.69,76,100,3.75,RU,1690307531
244,yarkovo,57.4028,67.0786,15.24,91,61,1.88,RU,1690307531
245,kerikeri,-35.2268,173.9474,10.51,83,4,1.34,NZ,1690307414
246,valparai,10.3667,76.9667,17.03,91,100,2.05,IN,1690307531
247,hamilton,39.1834,-84.5333,31.52,56,0,0.89,US,1690307298
248,chumphon,10.3333,98.8333,23.05,94,91,1.8,TH,1690307532
249,cestos city,5.46,-9.5828,25.73,83,85,4.24,LR,1690307532
250,dankov,53.2515,39.1555,20.66,65,97,4.37,RU,1690307532
251,hilo,19.7297,-155.09,31.27,88,75,2.57,US,1690307489
252,mount gambier,-37.8333,140.7667,6.07,97,55,2.33,AU,1690307443
253,anadyr,64.75,177.4833,10.28,87,75,3.0,RU,1690307092
254,sehore,23.2,77.0833,26.15,82,94,1.94,IN,1690307532
255,tsiombe,-25.3,45.4833,15.9,66,48,2.22,MG,1690307533
256,chilaw,7.5758,79.7953,25.01,84,100,7.96,LK,1690307533
257,selfoss,63.9331,-20.9971,13.13,76,96,3.65,IS,1690307320
258,la passe,45.5549,-0.8967,22.13,63,25,6.44,FR,1690307333
259,minas de marcona,-15.2119,-75.1103,16.65,64,51,7.51,PE,1690307370
260,namibe,-15.1961,12.1522,17.21,84,97,3.18,AO,1690307310
261,lihue,21.9789,-159.3672,26.77,76,40,5.66,US,1690307285
262,khandyga,62.6667,135.6,14.77,98,50,1.75,RU,1690307534
263,shache,38.4167,77.2406,30.95,32,74,1.81,CN,1690307534
264,san antonio de pale,-1.4014,5.6325,23.12,86,19,5.08,GQ,1690307398
265,al ghayzah,16.2079,52.176,25.8,88,99,6.63,YE,1690307379
266,soure,-0.7167,-48.5233,29.94,56,71,3.2,BR,1690307534
267,muktagacha,24.7667,90.2333,28.5,77,100,3.72,BD,1690307535
268,kataba,13.9833,44.3833,23.42,48,100,3.34,YE,1690307535
269,tippi,7.2,35.45,18.29,98,100,1.49,ET,1690307535
270,lorengau,-2.0226,147.2712,26.17,85,100,5.95,PG,1690307535
271,vuktyl,63.8567,57.3094,15.72,89,66,2.09,RU,1690307535
272,el bauga,18.262,33.9081,37.11,18,24,3.76,SD,1690307536
273,labrador city,52.9463,-66.9114,17.95,77,100,2.57,CA,1690307308
274,garoowe,8.4054,48.4845,30.08,37,34,10.93,SO,1690307536
275,nakhon thai,17.1006,100.8374,24.2,96,99,0.75,TH,1690307536
276,tangalle,6.024,80.7911,25.54,86,100,3.94,LK,1690307536
277,shitanjing,39.2342,106.3439,26.07,43,84,5.89,CN,1690307537
278,svetlogorsk,52.6333,29.7333,20.29,88,77,1.42,BY,1690307537
279,mil'kovo,55.6078,37.7956,21.22,90,99,2.97,RU,1690307537
280,oppdal,62.5943,9.6912,11.2,94,100,1.11,NO,1690307537
281,ulsteinvik,62.3432,5.8487,17.17,89,100,5.36,NO,1690306832
282,salmon arm,50.6998,-119.3024,20.17,60,96,0.51,CA,1690307538
283,geraldton,-28.7667,114.6,14.23,82,75,4.63,AU,1690307338
284,sinop,41.7711,34.8709,20.24,77,0,1.75,TR,1690307310
285,novo aripuana,-5.1206,-60.3797,37.19,23,1,1.81,BR,1690307538
286,coquimbo,-29.9533,-71.3436,17.85,63,0,4.12,CL,1690307260
287,gokwe,-18.2048,28.9349,16.59,22,10,2.91,ZW,1690307538
288,olbia,40.9214,9.4856,28.03,32,0,10.8,IT,1690307538
289,dudinka,69.4058,86.1778,15.9,54,0,6.06,RU,1690307317
290,safonovo,55.15,33.2167,16.7,96,91,2.72,RU,1690307539
291,kattivakkam,13.2167,80.3167,26.15,92,100,4.96,IN,1690307091
292,avarua,-21.2078,-159.775,19.03,77,23,1.54,CK,1690307168
293,smithers,54.7804,-127.1743,13.18,94,100,1.54,CA,1690307512
294,papao,-17.75,-149.55,26.82,86,3,7.62,PF,1690307323
295,ust-tsilma,65.441,52.1498,13.61,96,62,1.77,RU,1690307539
296,hawaiian paradise park,19.5933,-154.9731,22.8,99,75,2.57,US,1690307169
297,saint-francois,46.4154,3.9054,16.69,77,0,3.6,FR,1690307340
298,aguazul,5.1728,-72.5471,28.9,70,27,2.25,CO,1690307540
299,ljusdal,61.8288,16.0913,13.22,97,100,2.95,SE,1690307540
300,bremen,53.0752,8.8078,17.89,63,0,7.2,DE,1690307540
301,youssoufia,32.2463,-8.5294,27.83,39,0,7.73,MA,1690307540
302,enewetak,11.3474,162.3373,28.32,79,66,6.14,MH,1690307300
303,ulaangom,49.9811,92.0667,18.18,44,36,2.57,MN,1690307541
304,dunedin,-45.8742,170.5036,5.45,77,90,3.58,NZ,1690307315
305,alofi,-19.0595,-169.9187,14.94,100,44,0.51,NU,1690307326
306,villa gesell,-37.2639,-56.973,12.25,76,100,6.34,AR,1690307454
307,el khroub,36.2633,6.6936,30.49,45,20,5.66,DZ,1690307541
308,robertsport,6.7533,-11.3686,24.15,93,100,2.94,LR,1690307541
309,ceerigaabo,10.6162,47.368,19.7,60,11,11.47,SO,1690307542
310,afaahiti,-17.75,-149.2833,25.93,82,3,6.67,PF,1690307292
311,vernon,50.2581,-119.2691,18.85,60,92,1.03,CA,1690307401
312,antofagasta,-23.65,-70.4,18.6,72,28,4.27,CL,1690307299
313,mathba,22.2855,89.9629,27.61,86,38,5.02,BD,1690307543
314,orivesi,61.6777,24.3572,20.61,74,90,2.25,FI,1690307543
315,hard bargain,26.3167,-77.5667,29.64,69,67,1.85,BS,1690307543
316,marica,-22.9194,-42.8186,29.97,64,0,3.53,BR,1690307543
317,francistown,-21.17,27.5079,14.84,71,66,6.28,BW,1690307543
318,kiama,-34.6833,150.8667,8.65,89,2,0.45,AU,1690307544
319,okha,53.5739,142.9478,12.82,97,91,5.21,RU,1690307513
320,rudbar,30.15,62.6,36.51,12,13,3.37,AF,1690307544
321,moires,35.0532,24.8744,30.12,36,0,3.01,GR,1690307544
322,isafjordur,66.0755,-23.124,14.02,54,0,5.14,IS,1690307301
323,mbandaka,0.0487,18.2603,24.8,74,78,1.02,CD,1690307545
324,prince rupert,54.3161,-130.3201,13.83,98,100,4.63,CA,1690307084
325,nikolayevsk-on-amure,53.1406,140.73,16.32,95,61,1.34,RU,1690307316
326,anaconda,46.1285,-112.9423,23.55,27,7,6.51,US,1690307545
327,mira monte,34.4336,-119.2851,35.62,63,15,1.79,US,1690307545
328,salinas,36.6777,-121.6555,30.87,66,0,2.06,US,1690307546
329,san luis de la loma,17.2706,-100.8939,32.24,57,83,3.78,MX,1690307330
330,fort mcmurray,56.7268,-111.381,18.77,88,100,8.75,CA,1690307546
331,khilok,51.3674,110.4676,12.88,91,31,0.85,RU,1690307391
332,cherdyn',60.403,56.4787,14.28,87,54,1.48,RU,1690307546
333,makurazaki,31.2667,130.3167,25.49,88,10,4.08,JP,1690307547
334,kourou,5.1552,-52.6478,31.03,62,80,4.42,GF,1690307444
335,rota,36.6224,-6.3586,29.05,69,0,6.69,ES,1690307547
336,broome,42.2506,-75.833,26.03,70,75,0.45,US,1690307432
337,ar ruways,24.1103,52.7306,32.85,70,88,3.06,AE,1690307547
338,tutoia,-2.7619,-42.2744,28.89,59,57,4.32,BR,1690307547
339,waddan,29.1614,16.139,38.73,9,0,5.08,LY,1690307548
340,baia sprie,47.6619,23.6922,21.1,88,75,2.57,RO,1690307548
341,necochea,-38.5473,-58.7368,10.92,66,100,6.11,AR,1690307068
342,ji'an,27.1172,114.9793,26.23,90,97,0.92,CN,1690307548
343,chibougamau,49.9168,-74.3659,20.79,46,75,2.89,CA,1690307379
344,tamanrasset,22.785,5.5228,35.95,9,0,5.66,DZ,1690307397
345,belmonte,-15.8631,-38.8828,23.57,87,91,3.33,BR,1690307549
346,pahrump,36.2083,-115.9839,39.41,16,1,1.34,US,1690307519
347,santa maria da boa vista,-8.8078,-39.8256,31.05,31,11,3.91,BR,1690307549
348,petrolina,-9.3986,-40.5008,29.03,42,75,5.66,BR,1690307332
349,upington,-28.4478,21.2561,21.21,21,0,1.54,ZA,1690307549
350,ust'-ilimsk,58.0006,102.6619,19.01,70,98,0.71,RU,1690307550
351,praia da vitoria,38.7333,-27.0667,24.14,78,40,3.99,PT,1690307314
352,tolanaro,-25.0319,46.9987,21.04,64,75,6.17,MG,1690307294
353,berdigestyakh,62.0989,126.6992,12.73,61,4,2.24,RU,1690307390
354,port maria,18.3685,-76.8895,33.92,82,88,4.24,JM,1690307550
355,las lomitas,-24.7096,-60.593,18.01,64,99,0.7,AR,1690307053
356,iskateley,67.6803,53.1512,18.3,66,88,4.27,RU,1690307332
357,masterton,-40.9597,175.6575,6.6,95,100,4.97,NZ,1690307417
358,dire,12.2833,-10.9667,28.45,86,95,0.82,ML,1690307551
359,onguday,50.75,86.15,13.52,94,65,1.68,RU,1690307551
360,itigi,-5.7,34.4833,20.92,40,12,2.8,TZ,1690307551
361,gudari,19.35,83.7833,26.29,90,66,2.35,IN,1690307551
362,carnarvon,-24.8667,113.6333,17.66,61,100,8.96,AU,1690307323
363,kudymkar,59.0173,54.656,14.52,87,98,1.92,RU,1690307552
364,laguna,38.421,-121.4238,32.27,47,0,2.57,US,1690307371
365,georgetown,5.4112,100.3354,27.97,89,20,0.51,MY,1690307140
366,brisas de zicatela,15.8369,-97.0419,30.95,62,15,3.08,MX,1690307380
367,villaguay,-31.8653,-59.0269,13.93,79,100,4.21,AR,1690307553
368,myeik,12.4333,98.6,25.81,87,90,1.54,MM,1690307553
369,port douglas,-16.4833,145.4667,20.43,84,84,6.03,AU,1690307316
370,kurumkan,54.3,110.3,15.86,91,89,0.59,RU,1690307553
371,sinabang,2.4803,96.3801,26.5,84,60,2.09,ID,1690307287
372,taozhuang,34.85,117.3333,26.32,85,85,2.56,CN,1690307553
373,al bawiti,28.3492,28.8659,34.02,22,1,4.88,EG,1690307554
374,morshansk,53.4435,41.8107,18.89,79,99,2.85,RU,1690307554
375,vilyuchinsk,52.9306,158.4028,14.15,86,34,1.98,RU,1690307318
376,lombard,41.88,-88.0078,32.03,53,0,3.09,US,1690307554
377,hasaki,35.7333,140.8333,25.17,88,58,2.85,JP,1690307312
378,el gouna,27.3942,33.6782,33.05,45,4,1.75,EG,1690307554
379,san pedro,14.35,121.0167,27.57,93,100,6.69,PH,1690307509
380,diksmuide,51.0333,2.8667,18.41,64,100,5.14,BE,1690307555
381,poronaysk,49.2167,143.1167,15.01,99,100,1.85,RU,1690307317
382,mananjary,-21.2167,48.3333,20.58,87,8,2.97,MG,1690307380
383,linxia chengguanzhen,35.6003,103.2064,18.42,66,98,1.34,CN,1690307555
384,rasony,55.9089,28.8126,17.73,93,59,1.98,BY,1690307555
385,sabrum,23.0,91.7319,25.61,91,100,2.62,IN,1690307555
386,alaghsas,17.0187,8.0168,38.94,27,8,3.6,NE,1690307555
387,brookings,44.3114,-96.7984,31.92,61,0,6.69,US,1690307555
388,wulingyuan,29.3494,110.5441,22.95,98,99,0.83,CN,1690307556
389,panacan,9.2463,118.4082,26.71,86,92,3.21,PH,1690307556
390,grand falls-windsor,48.9332,-55.6649,30.84,55,29,3.21,CA,1690307451
391,gonabad,34.3529,58.6837,33.04,14,0,5.14,IR,1690307087
392,touros,-5.1989,-35.4608,27.78,59,63,8.54,BR,1690307182
393,kangaba,11.9333,-8.4167,30.65,54,88,3.76,ML,1690307557
394,cankuzo,-3.1333,30.5833,20.37,37,38,1.84,BI,1690307557
395,jinchang,38.4953,102.1739,28.18,24,100,4.76,CN,1690307557
396,freetown,8.484,-13.2299,27.84,83,75,3.6,SL,1690307333
397,aykhal,66.0,111.5,16.75,69,89,1.77,RU,1690307419
398,guerrero negro,27.9769,-114.0611,26.58,51,6,4.99,MX,1690307303
399,hojai,26.0,92.8667,25.46,96,99,1.33,IN,1690307557
400,zapolyarnyy,69.4154,30.8136,9.6,95,100,2.17,RU,1690307558
401,vallenar,-28.5708,-70.7581,21.99,31,38,2.41,CL,1690307558
402,santa cruz del sur,20.7147,-77.9956,33.02,55,29,5.26,CU,1690307558
403,kem',64.9555,34.5793,12.1,92,98,1.98,RU,1690307000
404,fort st. john,56.2499,-120.8529,13.94,82,75,3.6,CA,1690307558
405,grand forks,47.9417,-97.4337,29.32,65,75,5.14,US,1690307558
406,ugoofaaru,5.6667,73.0,28.17,78,100,2.75,MV,1690307070
407,knyaze-volkonskoye,48.4642,135.4567,23.19,96,49,2.71,RU,1690307558
408,araxa,-19.5933,-46.9406,24.98,47,75,3.09,BR,1690307559
409,aioun,16.6614,-9.6149,39.17,26,59,2.48,MR,1690307559
410,tari,12.4086,4.4914,32.39,52,39,2.53,NG,1690307559
411,malegaon,20.55,74.5333,25.36,79,100,6.7,IN,1690307362
412,taltal,-25.4,-70.4833,16.81,73,17,1.35,CL,1690307441
413,liwale,-9.7667,37.9333,20.71,39,15,1.07,TZ,1690307560
414,chiredzi,-21.05,31.6667,16.36,78,70,1.4,ZW,1690307560
415,brigantine,39.4101,-74.3646,30.11,74,20,4.12,US,1690307560
416,kirakira,-10.4544,161.9205,25.6,89,89,3.69,SB,1690307374
417,holualoa,19.6228,-155.9522,26.59,77,75,1.54,US,1690307305
418,new norfolk,-42.7826,147.0587,11.07,73,100,3.56,AU,1690307310
419,rio grande,-32.035,-52.0986,16.06,91,100,5.69,BR,1690307196
420,puerto armuelles,8.2833,-82.8667,28.99,70,97,1.34,PA,1690307561
421,taoudenni,22.6783,-3.9836,46.11,9,79,6.34,ML,1690307561
422,kasongo-lunda,-6.4667,16.8167,27.62,31,3,0.89,CD,1690307561
423,nazyvayevsk,55.5698,71.3529,16.19,76,46,3.13,RU,1690307561
424,cova figueira,14.8905,-24.2934,22.92,88,44,4.95,CV,1690307561
425,mysliborz,52.9238,14.8679,20.27,48,96,0.4,PL,1690307561
426,pangody,65.85,74.4859,21.47,65,96,6.91,RU,1690307562
427,klaksvik,62.2266,-6.589,10.51,86,99,5.0,FO,1690307562
428,san salvador de jujuy,-24.1946,-65.2971,12.74,32,10,3.47,AR,1690307562
429,itaguai,-22.8522,-43.7753,30.79,33,0,4.12,BR,1690307562
430,cabedelo,-6.9811,-34.8339,28.37,69,96,6.9,BR,1690307381
431,les cayes,18.2,-73.75,33.47,51,98,4.47,HT,1690307562
432,whitestown,39.9973,-86.3458,30.99,50,0,0.89,US,1690307563
433,jijiga,9.35,42.8,20.23,65,64,8.39,ET,1690307563
434,merizo village,13.2658,144.6691,28.31,91,100,8.9,GU,1690307099
435,floro,61.5996,5.0328,15.04,82,75,5.66,NO,1690307179
436,fortaleza,-3.7227,-38.5247,30.07,58,20,6.17,BR,1690307323
437,mandalgovi,45.7625,106.2708,15.93,68,50,4.96,MN,1690307459
438,kununurra,-15.7667,128.7333,8.99,76,7,0.0,AU,1690307563
439,reggane,26.7158,0.1714,45.89,5,0,7.46,DZ,1690307386
440,happy valley-goose bay,53.3168,-60.3315,21.17,73,20,3.09,CA,1690307238
441,inhambane,-23.865,35.3833,17.99,77,20,2.24,MZ,1690307313
442,ihsaniye,40.6909,29.8347,31.21,53,0,2.21,TR,1690307564
443,nuuk,64.1835,-51.7216,14.34,54,20,6.17,GL,1690307385
444,bandar-e genaveh,29.5791,50.517,33.36,60,4,5.27,IR,1690307564
445,la ronge,55.1001,-105.2842,24.12,49,75,7.72,CA,1690307564
446,kristianstad,56.0313,14.1524,18.08,59,20,4.63,SE,1690307565
447,ola,59.5833,151.2833,11.95,92,22,0.7,RU,1690307288
448,kuala terengganu,5.3302,103.1408,26.97,94,20,1.03,MY,1690307565
449,colonia,50.9333,6.95,20.48,60,20,4.12,DE,1690307361
450,pikalevo,59.5183,34.1664,17.07,63,71,3.53,RU,1690307565
451,ma'ili,21.4219,-158.1803,26.08,67,100,1.54,US,1690307565
452,launceston,-41.45,147.1667,11.0,88,100,5.14,AU,1690307566
453,petoskey,45.3733,-84.9553,27.17,64,40,2.68,US,1690307435
454,salahonda,2.1019,-78.7217,27.25,80,99,5.96,CO,1690307566
455,archangelos,36.2149,28.1149,32.99,53,0,4.71,GR,1690307566
456,amuntai,-2.4177,115.2494,22.85,91,49,0.64,ID,1690307566
457,shahrak,34.1074,64.3052,19.51,30,70,1.12,AF,1690307566
458,ascencion,31.1,-107.9833,35.14,16,0,3.13,MX,1690307566
459,itaituba,-4.2761,-55.9836,35.09,52,20,2.57,BR,1690307396
460,zouerate,22.7187,-12.4521,40.37,9,3,7.94,MR,1690307325
461,bamboo flat,11.7,92.7167,25.05,94,75,1.03,IN,1690307567
462,tual,-5.6667,132.75,25.13,80,99,9.24,ID,1690307327
463,storm lake,42.6411,-95.2097,29.61,74,0,6.17,US,1690307522
464,bayanhongor,46.7167,100.1167,9.3,70,22,2.35,MN,1690307568
465,nova sintra,14.8667,-24.7167,22.43,85,39,6.01,CV,1690307285
466,newman,37.3138,-121.0208,30.03,17,6,2.49,US,1690307320
467,nuku'alofa,-21.1333,-175.2,20.19,77,40,1.54,TO,1690307568
468,altay,47.8667,88.1167,21.1,32,31,3.07,CN,1690307569
469,mbengwi,6.0167,10.0,19.15,96,87,1.76,CM,1690307569
470,golden valley,45.0097,-93.3491,33.91,48,0,4.63,US,1690307569
471,guarapari,-20.6667,-40.4975,23.83,90,54,4.49,BR,1690307569
472,taroa,8.7058,171.2275,28.15,81,72,8.5,MH,1690307569
473,tomatlan,19.9333,-105.25,33.51,52,96,1.09,MX,1690307096
474,mugia,43.1041,-9.2179,22.73,72,43,5.47,ES,1690307423
475,pont rouge,48.8833,-72.0825,22.06,73,53,3.05,CA,1690307570
476,el porvenir,13.7617,-87.3458,29.63,34,24,4.28,HN,1690307570
477,shimoda,34.6667,138.95,25.06,84,16,3.24,JP,1690307570
478,oyama,36.3,139.8,26.31,68,70,0.9,JP,1690307570
479,atmakur,15.8833,78.5833,23.39,92,100,6.82,IN,1690307571
480,zalingei,12.9096,23.4741,28.85,42,99,2.51,SD,1690307571
481,feijo,-8.1642,-70.3536,36.01,31,27,0.94,BR,1690307571
482,timmins,48.4669,-81.3331,23.9,41,75,1.03,CA,1690307571
483,milford haven,51.7128,-5.0341,18.81,70,3,3.45,GB,1690307571
484,tofol,5.3248,163.0078,28.44,77,83,4.48,FM,1690307286
485,kristiansund,63.1115,7.732,17.03,88,75,4.12,NO,1690307571
486,kasempa,-13.4584,25.8338,18.96,35,37,2.41,ZM,1690307572
487,jagraon,30.7833,75.4833,28.17,75,80,2.52,IN,1690307572
488,sretensk,52.2453,117.7093,16.48,78,54,1.24,RU,1690307572
489,chinde,26.8418,88.0763,19.52,86,96,1.86,NP,1690307572
490,ambodifotatra,-16.9833,49.85,23.47,77,45,0.55,MG,1690307572
491,santa cruz verapaz,15.3667,-90.4333,25.42,65,40,3.09,GT,1690307573
492,esmeraldas,-19.7625,-44.3139,27.17,23,0,2.3,BR,1690307279
493,luganville,-15.5333,167.1667,23.36,89,100,7.15,VU,1690307404
494,ulladulla,-35.35,150.4667,8.23,89,4,2.19,AU,1690307349
495,narrabri,-30.3167,149.7833,8.62,78,0,0.45,AU,1690307573
496,port-vila,-17.7338,168.3219,19.78,88,100,3.09,VU,1690307573
497,cannonvale,-20.2833,148.7,20.66,79,62,10.49,AU,1690307118
498,tarfaya,27.9358,-12.9218,21.79,82,7,8.14,MA,1690307573
499,faya-largeau,17.9257,19.1043,37.95,9,86,4.19,TD,1690307574
500,st. john's,47.5649,-52.7093,29.6,52,75,6.69,CA,1690307035
501,kroya,-7.6331,109.2461,22.35,93,28,1.91,ID,1690307574
502,hailar,49.2,119.7,17.5,83,65,2.25,CN,1690307574
503,sao vicente,-23.9631,-46.3919,30.71,83,0,2.68,BR,1690307574
504,el calafate,-50.3408,-72.2768,-2.36,68,9,0.35,AR,1690307372
505,alice springs,-23.7,133.8833,8.75,57,0,3.6,AU,1690307284
506,delijan,33.9905,50.6838,32.75,12,80,11.28,IR,1690307575
507,cambria,35.5641,-121.0808,31.98,42,18,2.95,US,1690307575
508,chiang saen,20.2751,100.0869,26.13,92,77,0.29,TH,1690307575
509,choconta,5.1447,-73.6858,17.34,69,68,3.65,CO,1690307575
510,ar rutbah,33.0381,40.2848,33.74,16,0,2.69,IQ,1690307576
511,guelendeng,10.9176,15.5501,30.92,49,75,4.81,TD,1690307576
512,pandan,14.0453,124.1694,27.71,82,100,8.19,PH,1690307576
513,maintirano,-18.0667,44.0167,23.55,66,17,7.12,MG,1690307576
514,matthew town,20.95,-73.6667,30.46,67,72,6.42,BS,1690307576
515,vodnyy,63.5046,53.4095,15.71,77,92,2.1,RU,1690307416
516,cole harbour,44.6724,-63.4751,30.1,55,75,5.66,CA,1690307576
517,sola,-13.8833,167.55,25.14,82,93,11.94,VU,1690307577
518,york beach,43.1717,-70.6089,30.31,72,10,5.61,US,1690307577
519,uray,60.1247,64.7758,16.47,78,49,1.89,RU,1690307577
520,dakhla,23.6848,-15.958,25.01,65,18,12.35,EH,1690306976
521,nishinoomote,30.7333,131.0,27.89,84,37,4.05,JP,1690307510
522,praya,14.9215,-23.5087,28.3,69,75,7.2,CV,1690307577
523,yeppoon,-23.1333,150.7333,13.88,72,13,8.39,AU,1690307577
524,belyy yar,53.6039,91.3903,18.94,82,20,1.0,RU,1690307085
525,bechar,31.6167,-2.2167,44.18,9,4,8.23,DZ,1690307578
526,lata,40.1629,-8.3327,21.15,48,0,4.64,PT,1690307307
527,izhmorskiy,56.194,86.6414,15.34,98,98,1.66,RU,1690307578
528,sosnovka,56.255,51.2842,15.67,98,100,1.25,RU,1690307578
529,maragogi,-9.0122,-35.2225,25.4,75,74,3.62,BR,1690307124
530,kapoeta,4.7717,33.5903,25.52,68,95,4.72,SS,1690307578
531,charlottetown,46.2352,-63.1267,29.16,55,20,6.17,CA,1690307284
532,mana,5.6592,-53.7767,28.64,77,84,4.32,GF,1690307579
533,flin flon,54.7682,-101.865,22.91,56,40,3.6,CA,1690307456
534,penzance,50.1186,-5.5371,17.38,77,20,3.09,GB,1690307579
535,dholka,22.7167,72.4667,28.21,80,42,4.23,IN,1690307579
536,san patricio,28.017,-97.5169,35.65,38,0,6.4,US,1690307307
537,palmer,42.1584,-72.3287,30.67,59,7,2.09,US,1690307303
538,red hill,33.9996,-79.2581,35.07,63,79,0.82,US,1690307580
539,ercis,39.0287,43.3586,19.32,54,79,2.97,TR,1690307580
540,neietsu,37.1845,128.4682,23.06,98,84,0.4,KR,1690307580
541,paradip garh,20.3167,86.6167,28.81,83,96,8.27,IN,1690307580
542,bouna,9.2667,-3.0,27.18,71,91,0.5,CI,1690307580
543,laojunmiao,39.8333,97.7333,23.78,26,97,1.55,CN,1690307435
544,bani suwayf,29.0744,31.0979,36.03,14,0,2.75,EG,1690307581
545,isiro,2.7739,27.616,20.0,97,86,1.21,CD,1690307581
546,santiago de cao,-7.9589,-79.2392,24.07,69,75,3.09,PE,1690307581
547,new baltimore,42.6811,-82.7369,30.46,61,20,0.0,US,1690307413
548,brokopondo,4.75,-55.1667,30.61,59,17,2.01,SR,1690307581
549,xilin hot,43.9667,116.0333,21.82,47,100,2.8,CN,1690307582
550,gebre guracha,9.8,38.4,13.0,88,100,0.36,ET,1690307583
551,mahina,-17.5065,-149.489,26.87,83,75,5.14,PF,1690307583
552,okakarara,-20.5833,17.4333,18.25,17,14,3.26,NA,1690307583
553,tahe,52.3333,124.7333,14.79,90,54,1.04,CN,1690307112
554,hammerfest,70.6634,23.6821,17.25,67,20,4.63,NO,1690307334
555,ormara,25.2088,64.6357,28.47,87,91,3.69,PK,1690307584
556,nytva,57.9404,55.334,18.94,79,95,1.82,RU,1690307584
557,bridgewater,44.3835,-64.5155,28.95,62,39,7.2,CA,1690307584
558,manaure,11.7751,-72.4445,32.81,52,20,8.92,CO,1690307585
559,toliara,-23.35,43.6667,19.61,64,10,7.35,MG,1690307585
560,oranjemund,-28.55,16.4333,13.94,74,89,1.54,NA,1690307585
561,glace bay,46.1969,-59.957,31.2,47,40,4.63,CA,1690307586
562,metlili chaamba,32.2667,3.6333,42.52,6,0,2.06,DZ,1690307586
563,porto novo,6.4965,2.6036,26.9,80,66,3.32,BJ,1690307328
564,zhalantun,48.0,122.7167,16.34,86,29,1.76,CN,1690307586
565,saint-pierre,-21.3393,55.4781,20.82,88,0,2.57,RE,1690307586
566,carrigaline,51.8117,-8.3986,16.86,72,75,4.12,IE,1690307586
567,xai-xai,-25.0519,33.6442,17.24,72,29,3.1,MZ,1690307587
568,sur,22.5667,59.5289,30.0,75,100,3.87,OM,1690307587
569,san salvo,42.0433,14.7272,29.5,37,24,5.2,IT,1690307587
570,kiunga,-6.1219,141.2906,21.42,95,98,1.39,PG,1690307588
571,al 'aziziyah,32.9058,45.0616,39.22,10,0,4.77,IQ,1690307588
572,bodo,67.28,14.405,19.14,75,0,2.06,NO,1690307588
573,teknaf,20.8624,92.3058,26.68,90,92,6.02,BD,1690307588
574,naze,28.3667,129.4833,26.51,83,70,5.01,JP,1690307088
575,raahe,64.6833,24.4833,17.05,88,67,3.51,FI,1690307588
576,shatura,55.5725,39.5368,17.5,91,98,1.21,RU,1690307589
577,luwuk,-0.9516,122.7875,24.75,89,67,1.48,ID,1690307589
578,wanning,18.8003,110.3967,26.56,84,45,2.39,CN,1690306993
579,tvoroyri,61.5556,-6.8111,10.05,85,71,4.97,FO,1690307589
580,alicante,38.3452,-0.4815,33.27,76,20,4.12,ES,1690307589
581,parry sound,45.3501,-80.033,24.03,64,8,3.71,CA,1690307590
582,gamay,12.3854,125.2979,26.57,79,100,5.38,PH,1690307590
583,tabas,33.5959,56.9244,38.12,10,0,3.09,IR,1690307590
584,sault ste. marie,46.5168,-84.3333,23.31,59,0,3.6,CA,1690307585
585,pesqueira,-8.3578,-36.6964,27.63,40,49,6.35,BR,1690307591
586,taybad,34.74,60.7756,32.41,11,0,7.85,IR,1690307591
587,berezovyy,51.6667,135.7,17.82,95,97,1.02,RU,1690307591
588,el nido,11.1858,119.3956,27.96,80,100,10.59,PH,1690307592
589,pimentel,-6.8367,-79.9342,25.16,65,100,4.63,PE,1690307315
590,micheweni,-4.9667,39.8333,24.59,78,7,7.8,TZ,1690307439
591,yulinshi,38.2906,109.7494,25.88,48,24,6.53,CN,1690307593
592,ramgarh,23.6333,85.5167,27.03,76,95,3.24,IN,1690307593
593,yanbu,24.0891,38.0637,34.02,49,0,3.09,SA,1690307593
594,susuman,62.7833,148.1667,12.45,92,87,1.59,RU,1690307376
595,swift current,50.2834,-107.8014,29.45,23,0,10.29,CA,1690307594
596,plouzane,48.3833,-4.6167,18.18,68,75,4.63,FR,1690307041
597,viedma,-40.8135,-62.9967,10.61,58,98,10.62,AR,1690307595
598,cruzeiro do sul,-29.5128,-51.9853,19.73,87,96,0.88,BR,1690307595
599,riberalta,-10.9833,-66.1,33.11,46,20,4.12,BO,1690307596
600,strezhevoy,60.7333,77.5889,16.93,81,38,0.79,RU,1690307596
601,tianfu,37.1936,122.0511,25.07,91,73,2.96,CN,1690307596
602,dracut,42.6704,-71.302,31.65,70,75,3.6,US,1690307596
603,narasannapeta,18.4167,84.05,27.72,84,100,2.64,IN,1690307597
604,ad dabbah,18.05,30.95,37.84,10,68,3.07,SD,1690307597
605,arica,-18.475,-70.3042,21.75,64,100,3.6,CL,1690307516
606,vadodara,22.3,73.2,28.16,80,68,4.25,IN,1690307597
607,stekene,51.2148,4.0335,19.49,61,21,4.02,BE,1690307598
608,horta,38.5333,-28.6333,24.8,72,20,5.36,PT,1690307598
609,inari,68.906,27.0288,11.11,94,100,1.58,FI,1690307598
610,whangarei,-35.7317,174.3239,9.94,75,13,5.94,NZ,1690307386
611,priargunsk,50.3691,119.1012,16.8,88,24,1.25,RU,1690307598
612,fayroz koh,34.5195,65.2509,20.86,28,60,2.06,AF,1690307599
613,coronel dorrego,-38.7187,-61.2873,12.06,48,100,7.83,AR,1690307599
614,charters towers,-20.1,146.2667,16.96,83,100,6.35,AU,1690307599
615,ribeira brava,32.65,-17.0667,25.0,82,80,1.91,PT,1690307599
616,valls,41.2861,1.2499,30.94,25,20,8.75,ES,1690307599
